{
    "data": [
        {
            "et": 729724925.5262188,
            "UTC": "2023-FEB-15 10:20:56.3",
            "TelescopeLon": 357.15136,
            "TelescopeLat": 1.0623128206798542,
            "TargetLon": 357.1336632637364,
            "TargetLat": 1.0623293582988884,
            "TargetRa": 298.11332426033914,
            "TargetDe": 1.0036781709641218,
            "IsWestPier": true
        },
        {
            "et": 729724945.6122159,
            "UTC": "2023-FEB-15 10:21:16.4",
            "TelescopeLon": 357.24032,
            "TelescopeLat": 1.0623128206798542,
            "TargetLon": 357.2179448854267,
            "TargetLat": 1.06232918234004,
            "TargetRa": 298.11332426033914,
            "TargetDe": 1.0036781709641218,
            "IsWestPier": true
        },
        {
            "et": 729731879.6706654,
            "UTC": "2023-FEB-15 12:16:50.5",
            "TelescopeLon": 1.3792,
            "TelescopeLat": -5.472433318304702,
            "TargetLon": 1.408466004822723,
            "TargetLat": -5.472291351840197,
            "TargetRa": 322.8843285050243,
            "TargetDe": -5.573081569746137,
            "IsWestPier": true
        },
        {
            "et": 729731884.2456933,
            "UTC": "2023-FEB-15 12:16:55.1",
            "TelescopeLon": 1.3988266666666667,
            "TelescopeLat": -5.472433318304702,
            "TargetLon": 1.4268369897396815,
            "TargetLat": -5.472291389290181,
            "TargetRa": 322.8843285050243,
            "TargetDe": -5.573081569746137,
            "IsWestPier": true
        }
    ]
}